92;A01-01;RACK;1001;2018-04-17 04:00:49;2018-04-17 04:00:49
93;A01-02;RACK;1000;2018-04-17 04:00:49;2018-04-17 04:00:49
94;A01-03;RACK;944;2018-04-17 04:00:49;2018-04-17 04:00:49
95;A01-04;RACK;1000;2018-04-17 04:00:49;2018-04-17 04:00:49
96;A01-05;RACK;998;2018-04-17 04:00:49;2018-04-17 04:00:49
97;A01-06;RACK;1000;2018-04-17 04:00:49;2018-04-17 04:00:49
98;A01-07;RACK;1000;2018-04-17 04:00:49;2018-04-17 04:00:49
99;A01-08;RACK;1000;2018-04-17 04:00:49;2018-04-17 04:00:49
100;A01-09;RACK;1000;2018-04-17 04:00:49;2018-04-17 04:00:49
101;A01-10;RACK;1000;2018-04-17 04:00:49;2018-04-17 04:00:49
102;A01-11;RACK;1000;2018-04-17 04:00:49;2018-04-17 04:00:49
103;A01-12;RACK;1000;2018-04-17 04:00:49;2018-04-17 04:00:49
104;A01-13;RACK;1000;2018-04-17 04:00:49;2018-04-17 04:00:49
105;A01-14;RACK;1000;2018-04-17 04:00:49;2018-04-17 04:00:49
106;A02-01;RACK;980;2018-04-17 04:00:49;2018-04-17 04:00:49
107;A02-02;RACK;1000;2018-04-17 04:00:49;2018-04-17 04:00:49
108;A02-03;RACK;1000;2018-04-17 04:00:49;2018-04-17 04:00:49
109;A02-04;RACK;1000;2018-04-17 04:00:49;2018-04-17 04:00:49
110;A02-05;RACK;1000;2018-04-17 04:00:49;2018-04-17 04:00:49
111;A02-06;RACK;1000;2018-04-17 04:00:49;2018-04-17 04:00:49
112;A02-07;RACK;1000;2018-04-17 04:00:49;2018-04-17 04:00:49
113;A02-08;RACK;1000;2018-04-17 04:00:49;2018-04-17 04:00:49
114;A02-09;RACK;1000;2018-04-17 04:00:49;2018-04-17 04:00:49
115;A02-10;RACK;1000;2018-04-17 04:00:49;2018-04-17 04:00:49
116;A02-11;RACK;1000;2018-04-17 04:00:49;2018-04-17 04:00:49
117;A02-12;RACK;1000;2018-04-17 04:00:49;2018-04-17 04:00:49
118;A02-13;RACK;1000;2018-04-17 04:00:49;2018-04-17 04:00:49
119;A02-14;RACK;1000;2018-04-17 04:00:49;2018-04-17 04:00:49
120;A03-01;RACK;1000;2018-04-17 04:00:49;2018-04-17 04:00:49
121;A03-02;RACK;1000;2018-04-17 04:00:49;2018-04-17 04:00:49
122;A03-03;RACK;1000;2018-04-17 04:00:49;2018-04-17 04:00:49
123;A03-04;RACK;1000;2018-04-17 04:00:49;2018-04-17 04:00:49
124;A03-05;RACK;1000;2018-04-17 04:00:49;2018-04-17 04:00:49
125;A03-06;RACK;1000;2018-04-17 04:00:49;2018-04-17 04:00:49
126;A03-07;RACK;1000;2018-04-17 04:00:49;2018-04-17 04:00:49
127;A03-08;RACK;1000;2018-04-17 04:00:49;2018-04-17 04:00:49
128;A03-09;RACK;1000;2018-04-17 04:00:49;2018-04-17 04:00:49
129;A03-10;RACK;1000;2018-04-17 04:00:49;2018-04-17 04:00:49
130;A03-11;RACK;1000;2018-04-17 04:00:49;2018-04-17 04:00:49
131;A03-12;RACK;1000;2018-04-17 04:00:49;2018-04-17 04:00:49
132;A03-13;RACK;1000;2018-04-17 04:00:49;2018-04-17 04:00:49
133;A03-14;RACK;1000;2018-04-17 04:00:49;2018-04-17 04:00:49
134;A04-01;RACK;1000;2018-04-17 04:00:49;2018-04-17 04:00:49
135;A04-02;RACK;1000;2018-04-17 04:00:49;2018-04-17 04:00:49
136;A04-03;RACK;1000;2018-04-17 04:00:49;2018-04-17 04:00:49
137;A04-04;RACK;1000;2018-04-17 04:00:49;2018-04-17 04:00:49
138;A04-05;RACK;1000;2018-04-17 04:00:49;2018-04-17 04:00:49
139;A04-06;RACK;1000;2018-04-17 04:00:49;2018-04-17 04:00:49
140;A04-07;RACK;1000;2018-04-17 04:00:49;2018-04-17 04:00:49
141;A04-08;RACK;1000;2018-04-17 04:00:49;2018-04-17 04:00:49
142;A04-09;RACK;1000;2018-04-17 04:00:49;2018-04-17 04:00:49
143;A04-10;RACK;1000;2018-04-17 04:00:49;2018-04-17 04:00:49
144;A04-11;RACK;1000;2018-04-17 04:00:49;2018-04-17 04:00:49
145;A04-12;RACK;1000;2018-04-17 04:00:49;2018-04-17 04:00:49
146;A04-13;RACK;1000;2018-04-17 04:00:49;2018-04-17 04:00:49
147;A04-14;RACK;1000;2018-04-17 04:00:49;2018-04-17 04:00:49
148;B01-01;RACK;1000;2018-04-17 04:00:49;2018-04-17 04:00:49
149;B01-02;RACK;1000;2018-04-17 04:00:49;2018-04-17 04:00:49
150;B01-03;RACK;1000;2018-04-17 04:00:49;2018-04-17 04:00:49
151;B01-04;RACK;1000;2018-04-17 04:00:49;2018-04-17 04:00:49
152;B01-05;RACK;1000;2018-04-17 04:00:49;2018-04-17 04:00:49
153;B01-06;RACK;1000;2018-04-17 04:00:49;2018-04-17 04:00:49
154;B01-07;RACK;1000;2018-04-17 04:00:49;2018-04-17 04:00:49
155;B01-08;RACK;1000;2018-04-17 04:00:49;2018-04-17 04:00:49
156;B01-09;RACK;1000;2018-04-17 04:00:49;2018-04-17 04:00:49
157;B01-10;RACK;1000;2018-04-17 04:00:49;2018-04-17 04:00:49
158;B01-11;RACK;1000;2018-04-17 04:00:49;2018-04-17 04:00:49
159;B01-12;RACK;1000;2018-04-17 04:00:49;2018-04-17 04:00:49
160;B01-13;RACK;1000;2018-04-17 04:00:49;2018-04-17 04:00:49
161;B01-14;RACK;1000;2018-04-17 04:00:49;2018-04-17 04:00:49
162;B02-01;RACK;1000;2018-04-17 04:00:49;2018-04-17 04:00:49
163;B02-02;RACK;1000;2018-04-17 04:00:49;2018-04-17 04:00:49
164;B02-03;RACK;1000;2018-04-17 04:00:49;2018-04-17 04:00:49
165;B02-04;RACK;1000;2018-04-17 04:00:49;2018-04-17 04:00:49
166;B02-05;RACK;1000;2018-04-17 04:00:49;2018-04-17 04:00:49
167;B02-06;RACK;1000;2018-04-17 04:00:49;2018-04-17 04:00:49
168;B02-07;RACK;1000;2018-04-17 04:00:49;2018-04-17 04:00:49
169;B02-08;RACK;1000;2018-04-17 04:00:49;2018-04-17 04:00:49
170;B02-09;RACK;1000;2018-04-17 04:00:49;2018-04-17 04:00:49
171;B02-10;RACK;1000;2018-04-17 04:00:49;2018-04-17 04:00:49
172;B02-11;RACK;1000;2018-04-17 04:00:49;2018-04-17 04:00:49
173;B02-12;RACK;1000;2018-04-17 04:00:49;2018-04-17 04:00:49
174;B02-13;RACK;1000;2018-04-17 04:00:49;2018-04-17 04:00:49
175;B02-14;RACK;1000;2018-04-17 04:00:49;2018-04-17 04:00:49
176;B03-01;RACK;1000;2018-04-17 04:00:49;2018-04-17 04:00:49
177;B03-02;RACK;1000;2018-04-17 04:00:49;2018-04-17 04:00:49
178;B03-03;RACK;1000;2018-04-17 04:00:49;2018-04-17 04:00:49
179;B03-04;RACK;1000;2018-04-17 04:00:49;2018-04-17 04:00:49
180;B03-05;RACK;1000;2018-04-17 04:00:49;2018-04-17 04:00:49
181;B03-06;RACK;1000;2018-04-17 04:00:49;2018-04-17 04:00:49
182;B03-07;RACK;1000;2018-04-17 04:00:49;2018-04-17 04:00:49
183;B03-08;RACK;1000;2018-04-17 04:00:49;2018-04-17 04:00:49
184;B03-09;RACK;1000;2018-04-17 04:00:49;2018-04-17 04:00:49
185;B03-10;RACK;1000;2018-04-17 04:00:49;2018-04-17 04:00:49
186;B03-11;RACK;1000;2018-04-17 04:00:49;2018-04-17 04:00:49
187;B03-12;RACK;1000;2018-04-17 04:00:49;2018-04-17 04:00:49
188;B03-13;RACK;1000;2018-04-17 04:00:49;2018-04-17 04:00:49
189;B03-14;RACK;1000;2018-04-17 04:00:49;2018-04-17 04:00:49
190;B04-01;RACK;1000;2018-04-17 04:00:49;2018-04-17 04:00:49
191;B04-02;RACK;1000;2018-04-17 04:00:49;2018-04-17 04:00:49
192;B04-03;RACK;1000;2018-04-17 04:00:49;2018-04-17 04:00:49
193;B04-04;RACK;1000;2018-04-17 04:00:49;2018-04-17 04:00:49
194;B04-05;RACK;1000;2018-04-17 04:00:49;2018-04-17 04:00:49
195;B04-06;RACK;1000;2018-04-17 04:00:49;2018-04-17 04:00:49
196;B04-07;RACK;1000;2018-04-17 04:00:49;2018-04-17 04:00:49
197;B04-08;RACK;1000;2018-04-17 04:00:49;2018-04-17 04:00:49
198;B04-09;RACK;1000;2018-04-17 04:00:49;2018-04-17 04:00:49
199;B04-10;RACK;1000;2018-04-17 04:00:49;2018-04-17 04:00:49
200;B04-11;RACK;1000;2018-04-17 04:00:49;2018-04-17 04:00:49
201;B04-12;RACK;1000;2018-04-17 04:00:49;2018-04-17 04:00:49
202;B04-13;RACK;1000;2018-04-17 04:00:49;2018-04-17 04:00:49
203;B04-14;RACK;1000;2018-04-17 04:00:49;2018-04-17 04:00:49
204;C01-01;RACK;1000;2018-04-17 04:00:49;2018-04-17 04:00:49
205;C01-02;RACK;1000;2018-04-17 04:00:49;2018-04-17 04:00:49
206;C01-03;RACK;1000;2018-04-17 04:00:49;2018-04-17 04:00:49
207;C01-04;RACK;1000;2018-04-17 04:00:49;2018-04-17 04:00:49
208;C01-05;RACK;1000;2018-04-17 04:00:49;2018-04-17 04:00:49
209;C01-06;RACK;1000;2018-04-17 04:00:49;2018-04-17 04:00:49
210;C02-01;RACK;1000;2018-04-17 04:00:49;2018-04-17 04:00:49
211;C02-02;RACK;1000;2018-04-17 04:00:49;2018-04-17 04:00:49
212;C02-03;RACK;1000;2018-04-17 04:00:49;2018-04-17 04:00:49
213;C02-04;RACK;1000;2018-04-17 04:00:49;2018-04-17 04:00:49
214;C02-05;RACK;1000;2018-04-17 04:00:49;2018-04-17 04:00:49
215;C02-06;RACK;1000;2018-04-17 04:00:49;2018-04-17 04:00:49
216;C03-01;RACK;1000;2018-04-17 04:00:49;2018-04-17 04:00:49
217;C03-02;RACK;1000;2018-04-17 04:00:49;2018-04-17 04:00:49
218;C03-03;RACK;1000;2018-04-17 04:00:49;2018-04-17 04:00:49
219;C03-04;RACK;1000;2018-04-17 04:00:49;2018-04-17 04:00:49
220;C03-05;RACK;1000;2018-04-17 04:00:49;2018-04-17 04:00:49
221;C03-06;RACK;1000;2018-04-17 04:00:49;2018-04-17 04:00:49
222;C04-01;RACK;1000;2018-04-17 04:00:49;2018-04-17 04:00:49
223;C04-02;RACK;1000;2018-04-17 04:00:49;2018-04-17 04:00:49
224;C04-03;RACK;1000;2018-04-17 04:00:49;2018-04-17 04:00:49
225;C04-04;RACK;1000;2018-04-17 04:00:49;2018-04-17 04:00:49
226;C04-05;RACK;1000;2018-04-17 04:00:49;2018-04-17 04:00:49
227;C04-06;RACK;1000;2018-04-17 04:00:49;2018-04-17 04:00:49
228;D01-01;RACK;1000;2018-04-17 04:00:49;2018-04-17 04:00:49
229;D01-02;RACK;1000;2018-04-17 04:00:49;2018-04-17 04:00:49
230;D01-03;RACK;1000;2018-04-17 04:00:49;2018-04-17 04:00:49
231;D01-04;RACK;1000;2018-04-17 04:00:49;2018-04-17 04:00:49
232;D01-05;RACK;1000;2018-04-17 04:00:49;2018-04-17 04:00:49
233;D01-06;RACK;1000;2018-04-17 04:00:49;2018-04-17 04:00:49
234;D01-07;RACK;1000;2018-04-17 04:00:49;2018-04-17 04:00:49
235;D01-08;RACK;1000;2018-04-17 04:00:49;2018-04-17 04:00:49
236;D01-09;RACK;1000;2018-04-17 04:00:49;2018-04-17 04:00:49
237;D01-10;RACK;1000;2018-04-17 04:00:49;2018-04-17 04:00:49
238;D01-11;RACK;1000;2018-04-17 04:00:49;2018-04-17 04:00:49
239;D01-12;RACK;1000;2018-04-17 04:00:49;2018-04-17 04:00:49
240;D01-13;RACK;1000;2018-04-17 04:00:49;2018-04-17 04:00:49
241;D01-14;RACK;1000;2018-04-17 04:00:49;2018-04-17 04:00:49
242;D02-01;RACK;1000;2018-04-17 04:00:49;2018-04-17 04:00:49
243;D02-02;RACK;1000;2018-04-17 04:00:49;2018-04-17 04:00:49
244;D02-03;RACK;1000;2018-04-17 04:00:49;2018-04-17 04:00:49
245;D02-04;RACK;1000;2018-04-17 04:00:49;2018-04-17 04:00:49
246;D02-05;RACK;1000;2018-04-17 04:00:49;2018-04-17 04:00:49
247;D02-06;RACK;1000;2018-04-17 04:00:49;2018-04-17 04:00:49
248;D02-07;RACK;1000;2018-04-17 04:00:49;2018-04-17 04:00:49
249;D02-08;RACK;1000;2018-04-17 04:00:49;2018-04-17 04:00:49
250;D02-09;RACK;1000;2018-04-17 04:00:49;2018-04-17 04:00:49
251;D02-10;RACK;1000;2018-04-17 04:00:49;2018-04-17 04:00:49
252;D02-11;RACK;1000;2018-04-17 04:00:49;2018-04-17 04:00:49
253;D02-12;RACK;1000;2018-04-17 04:00:49;2018-04-17 04:00:49
254;D02-13;RACK;1000;2018-04-17 04:00:49;2018-04-17 04:00:49
255;D02-14;RACK;1000;2018-04-17 04:00:49;2018-04-17 04:00:49
256;D03-01;RACK;1000;2018-04-17 04:00:49;2018-04-17 04:00:49
257;D03-02;RACK;1000;2018-04-17 04:00:49;2018-04-17 04:00:49
258;D03-03;RACK;1000;2018-04-17 04:00:49;2018-04-17 04:00:49
259;D03-04;RACK;1000;2018-04-17 04:00:49;2018-04-17 04:00:49
260;D03-05;RACK;1000;2018-04-17 04:00:49;2018-04-17 04:00:49
261;D03-06;RACK;1000;2018-04-17 04:00:49;2018-04-17 04:00:49
262;D03-07;RACK;1000;2018-04-17 04:00:49;2018-04-17 04:00:49
263;D03-08;RACK;1000;2018-04-17 04:00:49;2018-04-17 04:00:49
264;D03-09;RACK;1000;2018-04-17 04:00:49;2018-04-17 04:00:49
265;D03-10;RACK;1000;2018-04-17 04:00:49;2018-04-17 04:00:49
266;D03-11;RACK;1000;2018-04-17 04:00:49;2018-04-17 04:00:49
267;D03-12;RACK;1000;2018-04-17 04:00:49;2018-04-17 04:00:49
268;D03-13;RACK;1000;2018-04-17 04:00:49;2018-04-17 04:00:49
269;D03-14;RACK;1000;2018-04-17 04:00:49;2018-04-17 04:00:49
270;D04-01;RACK;1000;2018-04-17 04:00:49;2018-04-17 04:00:49
271;D04-02;RACK;1000;2018-04-17 04:00:49;2018-04-17 04:00:49
272;D04-03;RACK;1000;2018-04-17 04:00:49;2018-04-17 04:00:49
273;D04-04;RACK;1000;2018-04-17 04:00:49;2018-04-17 04:00:49
274;D04-05;RACK;1000;2018-04-17 04:00:49;2018-04-17 04:00:49
275;D04-06;RACK;1000;2018-04-17 04:00:49;2018-04-17 04:00:49
276;D04-07;RACK;1000;2018-04-17 04:00:49;2018-04-17 04:00:49
277;D04-08;RACK;1000;2018-04-17 04:00:49;2018-04-17 04:00:49
278;D04-09;RACK;1000;2018-04-17 04:00:49;2018-04-17 04:00:49
279;D04-10;RACK;1000;2018-04-17 04:00:49;2018-04-17 04:00:49
280;D04-11;RACK;1000;2018-04-17 04:00:49;2018-04-17 04:00:49
281;D04-12;RACK;1000;2018-04-17 04:00:49;2018-04-17 04:00:49
282;D04-13;RACK;1000;2018-04-17 04:00:49;2018-04-17 04:00:49
283;D04-14;RACK;1000;2018-04-17 04:00:49;2018-04-17 04:00:49
284;E01-01;RACK;1000;2018-04-17 04:00:49;2018-04-17 04:00:49
285;E01-02;RACK;1000;2018-04-17 04:00:49;2018-04-17 04:00:49
286;E01-03;RACK;1000;2018-04-17 04:00:49;2018-04-17 04:00:49
287;E01-04;RACK;1000;2018-04-17 04:00:49;2018-04-17 04:00:49
288;E01-05;RACK;1000;2018-04-17 04:00:49;2018-04-17 04:00:49
289;E01-06;RACK;1000;2018-04-17 04:00:49;2018-04-17 04:00:49
290;E01-07;RACK;1000;2018-04-17 04:00:49;2018-04-17 04:00:49
291;E01-08;RACK;1000;2018-04-17 04:00:49;2018-04-17 04:00:49
292;E01-09;RACK;1000;2018-04-17 04:00:49;2018-04-17 04:00:49
293;E01-10;RACK;1000;2018-04-17 04:00:49;2018-04-17 04:00:49
294;E01-11;RACK;1000;2018-04-17 04:00:49;2018-04-17 04:00:49
295;E01-12;RACK;1000;2018-04-17 04:00:49;2018-04-17 04:00:49
296;E01-13;RACK;1000;2018-04-17 04:00:49;2018-04-17 04:00:49
297;E01-14;RACK;1000;2018-04-17 04:00:49;2018-04-17 04:00:49
298;E02-01;RACK;1000;2018-04-17 04:00:49;2018-04-17 04:00:49
299;E02-02;RACK;1000;2018-04-17 04:00:49;2018-04-17 04:00:49
300;E02-03;RACK;1000;2018-04-17 04:00:49;2018-04-17 04:00:49
301;E02-04;RACK;1000;2018-04-17 04:00:49;2018-04-17 04:00:49
302;E02-05;RACK;1000;2018-04-17 04:00:49;2018-04-17 04:00:49
303;E02-06;RACK;1000;2018-04-17 04:00:49;2018-04-17 04:00:49
304;E02-07;RACK;1000;2018-04-17 04:00:49;2018-04-17 04:00:49
305;E02-08;RACK;1000;2018-04-17 04:00:49;2018-04-17 04:00:49
306;E02-09;RACK;1000;2018-04-17 04:00:49;2018-04-17 04:00:49
307;E02-10;RACK;1000;2018-04-17 04:00:49;2018-04-17 04:00:49
308;E02-11;RACK;1000;2018-04-17 04:00:49;2018-04-17 04:00:49
309;E02-12;RACK;1000;2018-04-17 04:00:49;2018-04-17 04:00:49
310;E02-13;RACK;1000;2018-04-17 04:00:49;2018-04-17 04:00:49
311;E02-14;RACK;1000;2018-04-17 04:00:49;2018-04-17 04:00:49
312;E03-01;RACK;1000;2018-04-17 04:00:49;2018-04-17 04:00:49
313;E03-02;RACK;1000;2018-04-17 04:00:49;2018-04-17 04:00:49
314;E03-03;RACK;1000;2018-04-17 04:00:49;2018-04-17 04:00:49
315;E03-04;RACK;1000;2018-04-17 04:00:49;2018-04-17 04:00:49
316;E03-05;RACK;1000;2018-04-17 04:00:49;2018-04-17 04:00:49
317;E03-06;RACK;1000;2018-04-17 04:00:49;2018-04-17 04:00:49
318;E03-07;RACK;1000;2018-04-17 04:00:49;2018-04-17 04:00:49
319;E03-08;RACK;1000;2018-04-17 04:00:49;2018-04-17 04:00:49
320;E03-09;RACK;1000;2018-04-17 04:00:49;2018-04-17 04:00:49
321;E03-10;RACK;1000;2018-04-17 04:00:49;2018-04-17 04:00:49
322;E03-11;RACK;1000;2018-04-17 04:00:49;2018-04-17 04:00:49
323;E03-12;RACK;1000;2018-04-17 04:00:49;2018-04-17 04:00:49
324;E03-13;RACK;1000;2018-04-17 04:00:49;2018-04-17 04:00:49
325;E03-14;RACK;1000;2018-04-17 04:00:49;2018-04-17 04:00:49
326;E04-01;RACK;1000;2018-04-17 04:00:49;2018-04-17 04:00:49
327;E04-02;RACK;1000;2018-04-17 04:00:49;2018-04-17 04:00:49
328;E04-03;RACK;1000;2018-04-17 04:00:49;2018-04-17 04:00:49
329;E04-04;RACK;1000;2018-04-17 04:00:49;2018-04-17 04:00:49
330;E04-05;RACK;1000;2018-04-17 04:00:49;2018-04-17 04:00:49
331;E04-06;RACK;1000;2018-04-17 04:00:49;2018-04-17 04:00:49
332;E04-07;RACK;1000;2018-04-17 04:00:49;2018-04-17 04:00:49
333;E04-08;RACK;1000;2018-04-17 04:00:49;2018-04-17 04:00:49
334;E04-09;RACK;1000;2018-04-17 04:00:49;2018-04-17 04:00:49
335;E04-10;RACK;1000;2018-04-17 04:00:49;2018-04-17 04:00:49
336;E04-11;RACK;1000;2018-04-17 04:00:49;2018-04-17 04:00:49
337;E04-12;RACK;1000;2018-04-17 04:00:49;2018-04-17 04:00:49
338;E04-13;RACK;1000;2018-04-17 04:00:49;2018-04-17 04:00:49
339;E04-14;RACK;1000;2018-04-17 04:00:49;2018-04-17 04:00:49
340;F01-01;RACK;1000;2018-04-17 04:00:49;2018-04-17 04:00:49
341;F01-02;RACK;1000;2018-04-17 04:00:49;2018-04-17 04:00:49
342;F01-03;RACK;1000;2018-04-17 04:00:49;2018-04-17 04:00:49
343;F01-04;RACK;1000;2018-04-17 04:00:49;2018-04-17 04:00:49
344;F01-05;RACK;1000;2018-04-17 04:00:49;2018-04-17 04:00:49
345;F01-06;RACK;1000;2018-04-17 04:00:49;2018-04-17 04:00:49
346;F01-07;RACK;1000;2018-04-17 04:00:49;2018-04-17 04:00:49
347;F01-08;RACK;1000;2018-04-17 04:00:49;2018-04-17 04:00:49
348;F01-09;RACK;1000;2018-04-17 04:00:49;2018-04-17 04:00:49
349;F01-10;RACK;1000;2018-04-17 04:00:49;2018-04-17 04:00:49
350;F01-11;RACK;1000;2018-04-17 04:00:49;2018-04-17 04:00:49
351;F01-12;RACK;1000;2018-04-17 04:00:49;2018-04-17 04:00:49
352;F01-13;RACK;1000;2018-04-17 04:00:49;2018-04-17 04:00:49
353;F01-14;RACK;1000;2018-04-17 04:00:49;2018-04-17 04:00:49
354;F01-15;RACK;1000;2018-04-17 04:00:49;2018-04-17 04:00:49
355;F01-16;RACK;1000;2018-04-17 04:00:49;2018-04-17 04:00:49
356;F02-01;RACK;1000;2018-04-17 04:00:49;2018-04-17 04:00:49
357;F02-02;RACK;1000;2018-04-17 04:00:49;2018-04-17 04:00:49
358;F02-03;RACK;1000;2018-04-17 04:00:49;2018-04-17 04:00:49
359;F02-04;RACK;1000;2018-04-17 04:00:49;2018-04-17 04:00:49
360;F02-05;RACK;1000;2018-04-17 04:00:49;2018-04-17 04:00:49
361;F02-06;RACK;1000;2018-04-17 04:00:49;2018-04-17 04:00:49
362;F02-07;RACK;1000;2018-04-17 04:00:49;2018-04-17 04:00:49
363;F02-08;RACK;1000;2018-04-17 04:00:49;2018-04-17 04:00:49
364;F02-09;RACK;1000;2018-04-17 04:00:49;2018-04-17 04:00:49
365;F02-10;RACK;1000;2018-04-17 04:00:49;2018-04-17 04:00:49
366;F02-11;RACK;1000;2018-04-17 04:00:49;2018-04-17 04:00:49
367;F02-12;RACK;1000;2018-04-17 04:00:49;2018-04-17 04:00:49
368;F02-13;RACK;1000;2018-04-17 04:00:49;2018-04-17 04:00:49
369;F02-14;RACK;1000;2018-04-17 04:00:49;2018-04-17 04:00:49
370;F02-15;RACK;1000;2018-04-17 04:00:49;2018-04-17 04:00:49
371;F02-16;RACK;1000;2018-04-17 04:00:49;2018-04-17 04:00:49
372;F03-01;RACK;1000;2018-04-17 04:00:49;2018-04-17 04:00:49
373;F03-02;RACK;1000;2018-04-17 04:00:49;2018-04-17 04:00:49
374;F03-03;RACK;1000;2018-04-17 04:00:49;2018-04-17 04:00:49
375;F03-04;RACK;1000;2018-04-17 04:00:49;2018-04-17 04:00:49
376;F03-05;RACK;1000;2018-04-17 04:00:49;2018-04-17 04:00:49
377;F03-06;RACK;1000;2018-04-17 04:00:49;2018-04-17 04:00:49
378;F03-07;RACK;1000;2018-04-17 04:00:49;2018-04-17 04:00:49
379;F03-08;RACK;1000;2018-04-17 04:00:49;2018-04-17 04:00:49
380;F03-09;RACK;1000;2018-04-17 04:00:49;2018-04-17 04:00:49
381;F03-10;RACK;1000;2018-04-17 04:00:49;2018-04-17 04:00:49
382;F03-11;RACK;1000;2018-04-17 04:00:49;2018-04-17 04:00:49
383;F03-12;RACK;1000;2018-04-17 04:00:49;2018-04-17 04:00:49
384;F03-13;RACK;1000;2018-04-17 04:00:49;2018-04-17 04:00:49
385;F03-14;RACK;1000;2018-04-17 04:00:49;2018-04-17 04:00:49
386;F03-15;RACK;1000;2018-04-17 04:00:49;2018-04-17 04:00:49
387;F03-16;RACK;1000;2018-04-17 04:00:49;2018-04-17 04:00:49
388;F04-01;RACK;1000;2018-04-17 04:00:49;2018-04-17 04:00:49
389;F04-02;RACK;1000;2018-04-17 04:00:49;2018-04-17 04:00:49
390;F04-03;RACK;1000;2018-04-17 04:00:49;2018-04-17 04:00:49
391;F04-04;RACK;1000;2018-04-17 04:00:49;2018-04-17 04:00:49
392;F04-05;RACK;1000;2018-04-17 04:00:49;2018-04-17 04:00:49
393;F04-06;RACK;1000;2018-04-17 04:00:49;2018-04-17 04:00:49
394;F04-07;RACK;1000;2018-04-17 04:00:49;2018-04-17 04:00:49
395;F04-08;RACK;1000;2018-04-17 04:00:49;2018-04-17 04:00:49
396;F04-09;RACK;1000;2018-04-17 04:00:49;2018-04-17 04:00:49
397;F04-10;RACK;1000;2018-04-17 04:00:49;2018-04-17 04:00:49
398;F04-11;RACK;1000;2018-04-17 04:00:49;2018-04-17 04:00:49
399;F04-12;RACK;1000;2018-04-17 04:00:49;2018-04-17 04:00:49
400;F04-13;RACK;1000;2018-04-17 04:00:49;2018-04-17 04:00:49
401;F04-14;RACK;1000;2018-04-17 04:00:49;2018-04-17 04:00:49
402;F04-15;RACK;1000;2018-04-17 04:00:49;2018-04-17 04:00:49
403;F04-16;RACK;1000;2018-04-17 04:00:49;2018-04-17 04:00:49
404;G01-01;RACK;1000;2018-04-17 04:00:49;2018-04-17 04:00:49
405;G01-02;RACK;1000;2018-04-17 04:00:49;2018-04-17 04:00:49
406;G01-03;RACK;1000;2018-04-17 04:00:49;2018-04-17 04:00:49
407;G01-04;RACK;1000;2018-04-17 04:00:49;2018-04-17 04:00:49
408;G01-05;RACK;1000;2018-04-17 04:00:49;2018-04-17 04:00:49
409;G01-06;RACK;1000;2018-04-17 04:00:49;2018-04-17 04:00:49
410;G01-07;RACK;1000;2018-04-17 04:00:49;2018-04-17 04:00:49
411;G01-08;RACK;1000;2018-04-17 04:00:49;2018-04-17 04:00:49
412;G01-09;RACK;1000;2018-04-17 04:00:49;2018-04-17 04:00:49
413;G01-10;RACK;1000;2018-04-17 04:00:49;2018-04-17 04:00:49
414;G01-11;RACK;1000;2018-04-17 04:00:49;2018-04-17 04:00:49
415;G01-12;RACK;1000;2018-04-17 04:00:49;2018-04-17 04:00:49
416;G01-13;RACK;1000;2018-04-17 04:00:49;2018-04-17 04:00:49
417;G01-14;RACK;1000;2018-04-17 04:00:49;2018-04-17 04:00:49
418;G01-15;RACK;1000;2018-04-17 04:00:49;2018-04-17 04:00:49
419;G01-16;RACK;1000;2018-04-17 04:00:49;2018-04-17 04:00:49
420;G02-01;RACK;1000;2018-04-17 04:00:49;2018-04-17 04:00:49
421;G02-02;RACK;1000;2018-04-17 04:00:49;2018-04-17 04:00:49
422;G02-03;RACK;1000;2018-04-17 04:00:49;2018-04-17 04:00:49
423;G02-04;RACK;1000;2018-04-17 04:00:49;2018-04-17 04:00:49
424;G02-05;RACK;1000;2018-04-17 04:00:49;2018-04-17 04:00:49
425;G02-06;RACK;1000;2018-04-17 04:00:49;2018-04-17 04:00:49
426;G02-07;RACK;1000;2018-04-17 04:00:49;2018-04-17 04:00:49
427;G02-08;RACK;1000;2018-04-17 04:00:49;2018-04-17 04:00:49
428;G02-09;RACK;1000;2018-04-17 04:00:49;2018-04-17 04:00:49
429;G02-10;RACK;1000;2018-04-17 04:00:49;2018-04-17 04:00:49
430;G02-11;RACK;1000;2018-04-17 04:00:49;2018-04-17 04:00:49
431;G02-12;RACK;1000;2018-04-17 04:00:49;2018-04-17 04:00:49
432;G02-13;RACK;1000;2018-04-17 04:00:49;2018-04-17 04:00:49
433;G02-14;RACK;1000;2018-04-17 04:00:49;2018-04-17 04:00:49
434;G02-15;RACK;1000;2018-04-17 04:00:49;2018-04-17 04:00:49
435;G02-16;RACK;1000;2018-04-17 04:00:49;2018-04-17 04:00:49
436;G03-01;RACK;1000;2018-04-17 04:00:49;2018-04-17 04:00:49
437;G03-02;RACK;1000;2018-04-17 04:00:49;2018-04-17 04:00:49
438;G03-03;RACK;1000;2018-04-17 04:00:49;2018-04-17 04:00:49
439;G03-04;RACK;1000;2018-04-17 04:00:49;2018-04-17 04:00:49
440;G03-05;RACK;1000;2018-04-17 04:00:49;2018-04-17 04:00:49
441;G03-06;RACK;1000;2018-04-17 04:00:49;2018-04-17 04:00:49
442;G03-07;RACK;1000;2018-04-17 04:00:49;2018-04-17 04:00:49
443;G03-08;RACK;1000;2018-04-17 04:00:49;2018-04-17 04:00:49
444;G03-09;RACK;1000;2018-04-17 04:00:49;2018-04-17 04:00:49
445;G03-10;RACK;1000;2018-04-17 04:00:49;2018-04-17 04:00:49
446;G03-11;RACK;1000;2018-04-17 04:00:49;2018-04-17 04:00:49
447;G03-12;RACK;1000;2018-04-17 04:00:49;2018-04-17 04:00:49
448;G03-13;RACK;1000;2018-04-17 04:00:49;2018-04-17 04:00:49
449;G03-14;RACK;1000;2018-04-17 04:00:49;2018-04-17 04:00:49
450;G03-15;RACK;1000;2018-04-17 04:00:49;2018-04-17 04:00:49
451;G03-16;RACK;1000;2018-04-17 04:00:49;2018-04-17 04:00:49
452;G04-01;RACK;1000;2018-04-17 04:00:49;2018-04-17 04:00:49
453;G04-02;RACK;1000;2018-04-17 04:00:49;2018-04-17 04:00:49
454;G04-03;RACK;1000;2018-04-17 04:00:49;2018-04-17 04:00:49
455;G04-04;RACK;1000;2018-04-17 04:00:49;2018-04-17 04:00:49
456;G04-05;RACK;1000;2018-04-17 04:00:49;2018-04-17 04:00:49
457;G04-06;RACK;1000;2018-04-17 04:00:49;2018-04-17 04:00:49
458;G04-07;RACK;1000;2018-04-17 04:00:49;2018-04-17 04:00:49
459;G04-08;RACK;1000;2018-04-17 04:00:49;2018-04-17 04:00:49
460;G04-09;RACK;1000;2018-04-17 04:00:49;2018-04-17 04:00:49
461;G04-10;RACK;1000;2018-04-17 04:00:49;2018-04-17 04:00:49
462;G04-11;RACK;1000;2018-04-17 04:00:49;2018-04-17 04:00:49
463;G04-12;RACK;1000;2018-04-17 04:00:49;2018-04-17 04:00:49
464;G04-13;RACK;1000;2018-04-17 04:00:49;2018-04-17 04:00:49
465;G04-14;RACK;1000;2018-04-17 04:00:49;2018-04-17 04:00:49
466;G04-15;RACK;1000;2018-04-17 04:00:49;2018-04-17 04:00:49
467;G04-16;RACK;1000;2018-04-17 04:00:49;2018-04-17 04:00:49
468;H01-01;RACK;1000;2018-04-17 04:00:49;2018-04-17 04:00:49
469;H01-02;RACK;1000;2018-04-17 04:00:49;2018-04-17 04:00:49
470;H01-03;RACK;1000;2018-04-17 04:00:49;2018-04-17 04:00:49
471;H01-04;RACK;1000;2018-04-17 04:00:49;2018-04-17 04:00:49
472;H01-05;RACK;1000;2018-04-17 04:00:49;2018-04-17 04:00:49
473;H01-06;RACK;1000;2018-04-17 04:00:49;2018-04-17 04:00:49
474;H01-07;RACK;1000;2018-04-17 04:00:49;2018-04-17 04:00:49
475;H01-08;RACK;1000;2018-04-17 04:00:49;2018-04-17 04:00:49
476;H01-09;RACK;1000;2018-04-17 04:00:49;2018-04-17 04:00:49
477;H01-10;RACK;1000;2018-04-17 04:00:49;2018-04-17 04:00:49
478;H01-11;RACK;1000;2018-04-17 04:00:49;2018-04-17 04:00:49
479;H01-12;RACK;1000;2018-04-17 04:00:49;2018-04-17 04:00:49
480;H01-13;RACK;1000;2018-04-17 04:00:49;2018-04-17 04:00:49
481;H01-14;RACK;1000;2018-04-17 04:00:49;2018-04-17 04:00:49
482;H01-15;RACK;1000;2018-04-17 04:00:49;2018-04-17 04:00:49
483;H01-16;RACK;1000;2018-04-17 04:00:49;2018-04-17 04:00:49
484;H01-17;RACK;1000;2018-04-17 04:00:49;2018-04-17 04:00:49
485;H01-18;RACK;1000;2018-04-17 04:00:49;2018-04-17 04:00:49
486;H02-01;RACK;1000;2018-04-17 04:00:49;2018-04-17 04:00:49
487;H02-02;RACK;1000;2018-04-17 04:00:49;2018-04-17 04:00:49
488;H02-03;RACK;1000;2018-04-17 04:00:49;2018-04-17 04:00:49
489;H02-04;RACK;1000;2018-04-17 04:00:49;2018-04-17 04:00:49
490;H02-05;RACK;1000;2018-04-17 04:00:49;2018-04-17 04:00:49
491;H02-06;RACK;1000;2018-04-17 04:00:49;2018-04-17 04:00:49
492;H02-07;RACK;1000;2018-04-17 04:00:49;2018-04-17 04:00:49
493;H02-08;RACK;1000;2018-04-17 04:00:49;2018-04-17 04:00:49
494;H02-09;RACK;1000;2018-04-17 04:00:49;2018-04-17 04:00:49
495;H02-10;RACK;1000;2018-04-17 04:00:49;2018-04-17 04:00:49
496;H02-11;RACK;1000;2018-04-17 04:00:49;2018-04-17 04:00:49
497;H02-12;RACK;1000;2018-04-17 04:00:49;2018-04-17 04:00:49
498;H02-13;RACK;1000;2018-04-17 04:00:49;2018-04-17 04:00:49
499;H02-14;RACK;1000;2018-04-17 04:00:49;2018-04-17 04:00:49
500;H02-15;RACK;1000;2018-04-17 04:00:49;2018-04-17 04:00:49
501;H02-16;RACK;1000;2018-04-17 04:00:49;2018-04-17 04:00:49
502;H02-17;RACK;1000;2018-04-17 04:00:49;2018-04-17 04:00:49
503;H02-18;RACK;1000;2018-04-17 04:00:49;2018-04-17 04:00:49
504;H03-01;RACK;1000;2018-04-17 04:00:49;2018-04-17 04:00:49
505;H03-02;RACK;1000;2018-04-17 04:00:49;2018-04-17 04:00:49
506;H03-03;RACK;1000;2018-04-17 04:00:49;2018-04-17 04:00:49
507;H03-04;RACK;1000;2018-04-17 04:00:49;2018-04-17 04:00:49
508;H03-05;RACK;1000;2018-04-17 04:00:49;2018-04-17 04:00:49
509;H03-06;RACK;1000;2018-04-17 04:00:49;2018-04-17 04:00:49
510;H03-07;RACK;1000;2018-04-17 04:00:49;2018-04-17 04:00:49
511;H03-08;RACK;1000;2018-04-17 04:00:49;2018-04-17 04:00:49
512;H03-09;RACK;1000;2018-04-17 04:00:49;2018-04-17 04:00:49
513;H03-10;RACK;1000;2018-04-17 04:00:49;2018-04-17 04:00:49
514;H03-11;RACK;1000;2018-04-17 04:00:49;2018-04-17 04:00:49
515;H03-12;RACK;1000;2018-04-17 04:00:49;2018-04-17 04:00:49
516;H03-13;RACK;1000;2018-04-17 04:00:49;2018-04-17 04:00:49
517;H03-14;RACK;1000;2018-04-17 04:00:49;2018-04-17 04:00:49
518;H03-15;RACK;1000;2018-04-17 04:00:49;2018-04-17 04:00:49
519;H03-16;RACK;1000;2018-04-17 04:00:49;2018-04-17 04:00:49
520;H03-17;RACK;1000;2018-04-17 04:00:49;2018-04-17 04:00:49
521;H03-18;RACK;1000;2018-04-17 04:00:49;2018-04-17 04:00:49
522;H04-01;RACK;1000;2018-04-17 04:00:49;2018-04-17 04:00:49
523;H04-02;RACK;1000;2018-04-17 04:00:49;2018-04-17 04:00:49
524;H04-03;RACK;1000;2018-04-17 04:00:49;2018-04-17 04:00:49
525;H04-04;RACK;1000;2018-04-17 04:00:49;2018-04-17 04:00:49
526;H04-05;RACK;1000;2018-04-17 04:00:49;2018-04-17 04:00:49
527;H04-06;RACK;1000;2018-04-17 04:00:49;2018-04-17 04:00:49
528;H04-07;RACK;1000;2018-04-17 04:00:49;2018-04-17 04:00:49
529;H04-08;RACK;1000;2018-04-17 04:00:49;2018-04-17 04:00:49
530;H04-09;RACK;1000;2018-04-17 04:00:49;2018-04-17 04:00:49
531;H04-10;RACK;1000;2018-04-17 04:00:49;2018-04-17 04:00:49
532;H04-11;RACK;1000;2018-04-17 04:00:49;2018-04-17 04:00:49
533;H04-12;RACK;1000;2018-04-17 04:00:49;2018-04-17 04:00:49
534;H04-13;RACK;1000;2018-04-17 04:00:49;2018-04-17 04:00:49
535;H04-14;RACK;1000;2018-04-17 04:00:49;2018-04-17 04:00:49
536;H04-15;RACK;1000;2018-04-17 04:00:49;2018-04-17 04:00:49
537;H04-16;RACK;1000;2018-04-17 04:00:49;2018-04-17 04:00:49
538;H04-17;RACK;1000;2018-04-17 04:00:49;2018-04-17 04:00:49
539;H04-18;RACK;1000;2018-04-17 04:00:49;2018-04-17 04:00:49
540;I01-01;RACK;1000;2018-04-17 04:00:49;2018-04-17 04:00:49
541;I01-02;RACK;1000;2018-04-17 04:00:49;2018-04-17 04:00:49
542;I01-03;RACK;1000;2018-04-17 04:00:49;2018-04-17 04:00:49
543;I01-04;RACK;1000;2018-04-17 04:00:49;2018-04-17 04:00:49
544;I02-01;RACK;1000;2018-04-17 04:00:49;2018-04-17 04:00:49
545;I02-02;RACK;1000;2018-04-17 04:00:49;2018-04-17 04:00:49
546;I02-03;RACK;1000;2018-04-17 04:00:49;2018-04-17 04:00:49
547;I02-04;RACK;1000;2018-04-17 04:00:49;2018-04-17 04:00:49
548;I03-01;RACK;1000;2018-04-17 04:00:49;2018-04-17 04:00:49
549;I03-02;RACK;1000;2018-04-17 04:00:49;2018-04-17 04:00:49
550;I03-03;RACK;1000;2018-04-17 04:00:49;2018-04-17 04:00:49
551;I03-04;RACK;1000;2018-04-17 04:00:49;2018-04-17 04:00:49
552;I04-01;RACK;1000;2018-04-17 04:00:49;2018-04-17 04:00:49
553;I04-02;RACK;1000;2018-04-17 04:00:49;2018-04-17 04:00:49
554;I04-03;RACK;1000;2018-04-17 04:00:49;2018-04-17 04:00:49
555;I04-04;RACK;1000;2018-04-17 04:00:49;2018-04-17 04:00:49
556;J01-01;RACK;1000;2018-04-17 04:00:49;2018-04-17 04:00:49
557;J01-02;RACK;1000;2018-04-17 04:00:49;2018-04-17 04:00:49
558;J01-03;RACK;1000;2018-04-17 04:00:49;2018-04-17 04:00:49
559;J01-04;RACK;1000;2018-04-17 04:00:49;2018-04-17 04:00:49
560;J01-05;RACK;1000;2018-04-17 04:00:49;2018-04-17 04:00:49
561;J01-06;RACK;1000;2018-04-17 04:00:49;2018-04-17 04:00:49
562;J01-07;RACK;1000;2018-04-17 04:00:49;2018-04-17 04:00:49
563;J01-08;RACK;1000;2018-04-17 04:00:49;2018-04-17 04:00:49
564;J01-09;RACK;1000;2018-04-17 04:00:49;2018-04-17 04:00:49
565;J01-10;RACK;1000;2018-04-17 04:00:49;2018-04-17 04:00:49
566;J02-01;RACK;1000;2018-04-17 04:00:49;2018-04-17 04:00:49
567;J02-02;RACK;1000;2018-04-17 04:00:49;2018-04-17 04:00:49
568;J02-03;RACK;1000;2018-04-17 04:00:49;2018-04-17 04:00:49
569;J02-04;RACK;1000;2018-04-17 04:00:49;2018-04-17 04:00:49
570;J02-05;RACK;1000;2018-04-17 04:00:49;2018-04-17 04:00:49
571;J02-06;RACK;1000;2018-04-17 04:00:49;2018-04-17 04:00:49
572;J02-07;RACK;1000;2018-04-17 04:00:49;2018-04-17 04:00:49
573;J02-08;RACK;1000;2018-04-17 04:00:49;2018-04-17 04:00:49
574;J02-09;RACK;1000;2018-04-17 04:00:49;2018-04-17 04:00:49
575;J02-10;RACK;1000;2018-04-17 04:00:49;2018-04-17 04:00:49
576;J03-01;RACK;1000;2018-04-17 04:00:49;2018-04-17 04:00:49
577;J03-02;RACK;1000;2018-04-17 04:00:49;2018-04-17 04:00:49
578;J03-03;RACK;1000;2018-04-17 04:00:49;2018-04-17 04:00:49
579;J03-04;RACK;1000;2018-04-17 04:00:49;2018-04-17 04:00:49
580;J03-05;RACK;1000;2018-04-17 04:00:49;2018-04-17 04:00:49
581;J03-06;RACK;1000;2018-04-17 04:00:49;2018-04-17 04:00:49
582;J03-07;RACK;1000;2018-04-17 04:00:49;2018-04-17 04:00:49
583;J03-08;RACK;1000;2018-04-17 04:00:49;2018-04-17 04:00:49
584;J03-09;RACK;1000;2018-04-17 04:00:49;2018-04-17 04:00:49
585;J03-10;RACK;1000;2018-04-17 04:00:49;2018-04-17 04:00:49
586;J04-01;RACK;1000;2018-04-17 04:00:49;2018-04-17 04:00:49
587;J04-02;RACK;1000;2018-04-17 04:00:49;2018-04-17 04:00:49
588;J04-03;RACK;1000;2018-04-17 04:00:49;2018-04-17 04:00:49
589;J04-04;RACK;1000;2018-04-17 04:00:49;2018-04-17 04:00:49
590;J04-05;RACK;1000;2018-04-17 04:00:49;2018-04-17 04:00:49
591;J04-06;RACK;1000;2018-04-17 04:00:49;2018-04-17 04:00:49
592;J04-07;RACK;1000;2018-04-17 04:00:49;2018-04-17 04:00:49
593;J04-08;RACK;1000;2018-04-17 04:00:49;2018-04-17 04:00:49
594;J04-09;RACK;1000;2018-04-17 04:00:49;2018-04-17 04:00:49
595;J04-10;RACK;1000;2018-04-17 04:00:49;2018-04-17 04:00:49
596;A01;FREEZERS;1000;2018-04-17 04:00:49;2018-04-17 04:00:49
597;A02;FREEZERS;1000;2018-04-17 04:00:49;2018-04-17 04:00:49
598;A03;FREEZERS;1000;2018-04-17 04:00:49;2018-04-17 04:00:49
599;A04;FREEZERS;1000;2018-04-17 04:00:49;2018-04-17 04:00:49
600;A05;FREEZERS;1000;2018-04-17 04:00:49;2018-04-17 04:00:49
601;A06;FREEZERS;1000;2018-04-17 04:00:49;2018-04-17 04:00:49
602;A07;FREEZERS;1000;2018-04-17 04:00:49;2018-04-17 04:00:49
603;A08;FREEZERS;1000;2018-04-17 04:00:49;2018-04-17 04:00:49
604;A09;FREEZERS;1000;2018-04-17 04:00:49;2018-04-17 04:00:49
605;A10;FREEZERS;1000;2018-04-17 04:00:49;2018-04-17 04:00:49
606;A11;FREEZERS;1000;2018-04-17 04:00:49;2018-04-17 04:00:49
607;A12;FREEZERS;1000;2018-04-17 04:00:49;2018-04-17 04:00:49
608;A13;FREEZERS;1000;2018-04-17 04:00:49;2018-04-17 04:00:49
609;A14;FREEZERS;1000;2018-04-17 04:00:49;2018-04-17 04:00:49
610;A15;FREEZERS;1000;2018-04-17 04:00:49;2018-04-17 04:00:49
611;A16;FREEZERS;1000;2018-04-17 04:00:49;2018-04-17 04:00:49
612;A17;FREEZERS;1000;2018-04-17 04:00:49;2018-04-17 04:00:49
613;A18;FREEZERS;1000;2018-04-17 04:00:49;2018-04-17 04:00:49
614;A19;FREEZERS;1000;2018-04-17 04:00:49;2018-04-17 04:00:49
615;A20;FREEZERS;1000;2018-04-17 04:00:49;2018-04-17 04:00:49
616;A21;FREEZERS;1000;2018-04-17 04:00:49;2018-04-17 04:00:49
617;A22;FREEZERS;1000;2018-04-17 04:00:49;2018-04-17 04:00:49
618;A23;FREEZERS;1000;2018-04-17 04:00:49;2018-04-17 04:00:49
619;B01;FREEZERS;1000;2018-04-17 04:00:49;2018-04-17 04:00:49
620;B02;FREEZERS;1000;2018-04-17 04:00:49;2018-04-17 04:00:49
621;B03;FREEZERS;1000;2018-04-17 04:00:49;2018-04-17 04:00:49
622;B04;FREEZERS;1000;2018-04-17 04:00:49;2018-04-17 04:00:49
623;B05;FREEZERS;1000;2018-04-17 04:00:49;2018-04-17 04:00:49
624;B06;FREEZERS;1000;2018-04-17 04:00:49;2018-04-17 04:00:49
625;B07;FREEZERS;1000;2018-04-17 04:00:49;2018-04-17 04:00:49
626;B08;FREEZERS;1000;2018-04-17 04:00:49;2018-04-17 04:00:49
627;B09;FREEZERS;1000;2018-04-17 04:00:49;2018-04-17 04:00:49
628;B10;FREEZERS;1000;2018-04-17 04:00:49;2018-04-17 04:00:49
629;B11;FREEZERS;1000;2018-04-17 04:00:49;2018-04-17 04:00:49
630;B12;FREEZERS;1000;2018-04-17 04:00:49;2018-04-17 04:00:49
631;B13;FREEZERS;1000;2018-04-17 04:00:49;2018-04-17 04:00:49
632;B14;FREEZERS;1000;2018-04-17 04:00:49;2018-04-17 04:00:49
633;B15;FREEZERS;1000;2018-04-17 04:00:49;2018-04-17 04:00:49
634;B16;FREEZERS;1000;2018-04-17 04:00:49;2018-04-17 04:00:49
635;B17;FREEZERS;1000;2018-04-17 04:00:49;2018-04-17 04:00:49
636;B18;FREEZERS;1000;2018-04-17 04:00:49;2018-04-17 04:00:49
637;B19;FREEZERS;1000;2018-04-17 04:00:49;2018-04-17 04:00:49
638;B20;FREEZERS;1000;2018-04-17 04:00:49;2018-04-17 04:00:49
639;B21;FREEZERS;1000;2018-04-17 04:00:49;2018-04-17 04:00:49
640;B22;FREEZERS;1000;2018-04-17 04:00:49;2018-04-17 04:00:49
641;B23;FREEZERS;1000;2018-04-17 04:00:49;2018-04-17 04:00:49
642;B24;FREEZERS;1000;2018-04-17 04:00:49;2018-04-17 04:00:49
643;B25;FREEZERS;1000;2018-04-17 04:00:49;2018-04-17 04:00:49
644;B26;FREEZERS;1000;2018-04-17 04:00:49;2018-04-17 04:00:49
645;B27;FREEZERS;1000;2018-04-17 04:00:49;2018-04-17 04:00:49
646;B28;FREEZERS;1000;2018-04-17 04:00:49;2018-04-17 04:00:49
647;C01;FREEZERS;1000;2018-04-17 04:00:49;2018-04-17 04:00:49
648;C02;FREEZERS;1000;2018-04-17 04:00:49;2018-04-17 04:00:49
649;C03;FREEZERS;1000;2018-04-17 04:00:49;2018-04-17 04:00:49
650;C04;FREEZERS;1000;2018-04-17 04:00:49;2018-04-17 04:00:49
651;C05;FREEZERS;1000;2018-04-17 04:00:49;2018-04-17 04:00:49
652;C06;FREEZERS;1000;2018-04-17 04:00:49;2018-04-17 04:00:49
653;C07;FREEZERS;1000;2018-04-17 04:00:49;2018-04-17 04:00:49
654;C08;FREEZERS;1000;2018-04-17 04:00:49;2018-04-17 04:00:49
655;C09;FREEZERS;1000;2018-04-17 04:00:49;2018-04-17 04:00:49
656;C10;FREEZERS;1000;2018-04-17 04:00:49;2018-04-17 04:00:49
657;C11;FREEZERS;1000;2018-04-17 04:00:49;2018-04-17 04:00:49
658;C12;FREEZERS;1000;2018-04-17 04:00:49;2018-04-17 04:00:49
659;C13;FREEZERS;1000;2018-04-17 04:00:49;2018-04-17 04:00:49
660;C14;FREEZERS;1000;2018-04-17 04:00:49;2018-04-17 04:00:49
661;C15;FREEZERS;1000;2018-04-17 04:00:49;2018-04-17 04:00:49
662;C16;FREEZERS;1000;2018-04-17 04:00:49;2018-04-17 04:00:49
663;C17;FREEZERS;1000;2018-04-17 04:00:49;2018-04-17 04:00:49
664;C18;FREEZERS;1000;2018-04-17 04:00:49;2018-04-17 04:00:49
665;C19;FREEZERS;1000;2018-04-17 04:00:49;2018-04-17 04:00:49
666;C20;FREEZERS;1000;2018-04-17 04:00:49;2018-04-17 04:00:49
667;C21;FREEZERS;1000;2018-04-17 04:00:49;2018-04-17 04:00:49
668;C22;FREEZERS;1000;2018-04-17 04:00:49;2018-04-17 04:00:49
669;C23;FREEZERS;1000;2018-04-17 04:00:49;2018-04-17 04:00:49
670;C24;FREEZERS;1000;2018-04-17 04:00:49;2018-04-17 04:00:49
671;C25;FREEZERS;1000;2018-04-17 04:00:49;2018-04-17 04:00:49
672;C26;FREEZERS;1000;2018-04-17 04:00:49;2018-04-17 04:00:49
673;C27;FREEZERS;1000;2018-04-17 04:00:49;2018-04-17 04:00:49
674;C28;FREEZERS;1000;2018-04-17 04:00:49;2018-04-17 04:00:49
675;D01;FREEZERS;1000;2018-04-17 04:00:49;2018-04-17 04:00:49
676;D02;FREEZERS;1000;2018-04-17 04:00:49;2018-04-17 04:00:49
677;D03;FREEZERS;1000;2018-04-17 04:00:49;2018-04-17 04:00:49
678;D04;FREEZERS;1000;2018-04-17 04:00:49;2018-04-17 04:00:49
679;D05;FREEZERS;1000;2018-04-17 04:00:49;2018-04-17 04:00:49
680;D06;FREEZERS;1000;2018-04-17 04:00:49;2018-04-17 04:00:49
681;D07;FREEZERS;1000;2018-04-17 04:00:49;2018-04-17 04:00:49
682;D08;FREEZERS;1000;2018-04-17 04:00:49;2018-04-17 04:00:49
683;D09;FREEZERS;1000;2018-04-17 04:00:49;2018-04-17 04:00:49
684;D10;FREEZERS;1000;2018-04-17 04:00:49;2018-04-17 04:00:49
685;D11;FREEZERS;1000;2018-04-17 04:00:49;2018-04-17 04:00:49
686;D12;FREEZERS;1000;2018-04-17 04:00:49;2018-04-17 04:00:49
687;D13;FREEZERS;1000;2018-04-17 04:00:49;2018-04-17 04:00:49
688;D14;FREEZERS;1000;2018-04-17 04:00:49;2018-04-17 04:00:49
689;D15;FREEZERS;1000;2018-04-17 04:00:49;2018-04-17 04:00:49
690;D16;FREEZERS;1000;2018-04-17 04:00:49;2018-04-17 04:00:49
691;D17;FREEZERS;1000;2018-04-17 04:00:49;2018-04-17 04:00:49
692;D18;FREEZERS;1000;2018-04-17 04:00:49;2018-04-17 04:00:49
693;D19;FREEZERS;1000;2018-04-17 04:00:49;2018-04-17 04:00:49
694;D20;FREEZERS;1000;2018-04-17 04:00:49;2018-04-17 04:00:49
695;D21;FREEZERS;1000;2018-04-17 04:00:49;2018-04-17 04:00:49
696;D22;FREEZERS;1000;2018-04-17 04:00:49;2018-04-17 04:00:49
697;D23;FREEZERS;1000;2018-04-17 04:00:49;2018-04-17 04:00:49
698;D24;FREEZERS;1000;2018-04-17 04:00:49;2018-04-17 04:00:49
699;D25;FREEZERS;1000;2018-04-17 04:00:49;2018-04-17 04:00:49
700;D26;FREEZERS;1000;2018-04-17 04:00:49;2018-04-17 04:00:49
701;D27;FREEZERS;1000;2018-04-17 04:00:49;2018-04-17 04:00:49
702;D28;FREEZERS;1000;2018-04-17 04:00:49;2018-04-17 04:00:49
703;E01;FREEZERS;1000;2018-04-17 04:00:49;2018-04-17 04:00:49
704;E02;FREEZERS;1000;2018-04-17 04:00:49;2018-04-17 04:00:49
705;E03;FREEZERS;1000;2018-04-17 04:00:49;2018-04-17 04:00:49
706;E04;FREEZERS;1000;2018-04-17 04:00:49;2018-04-17 04:00:49
707;E05;FREEZERS;1000;2018-04-17 04:00:49;2018-04-17 04:00:49
708;E06;FREEZERS;1000;2018-04-17 04:00:49;2018-04-17 04:00:49
709;E07;FREEZERS;1000;2018-04-17 04:00:49;2018-04-17 04:00:49
710;E08;FREEZERS;1000;2018-04-17 04:00:49;2018-04-17 04:00:49
711;E09;FREEZERS;1000;2018-04-17 04:00:49;2018-04-17 04:00:49
712;E10;FREEZERS;1000;2018-04-17 04:00:49;2018-04-17 04:00:49
713;E11;FREEZERS;1000;2018-04-17 04:00:49;2018-04-17 04:00:49
714;E12;FREEZERS;1000;2018-04-17 04:00:49;2018-04-17 04:00:49
715;E13;FREEZERS;1000;2018-04-17 04:00:49;2018-04-17 04:00:49
716;E14;FREEZERS;1000;2018-04-17 04:00:49;2018-04-17 04:00:49
717;E15;FREEZERS;1000;2018-04-17 04:00:49;2018-04-17 04:00:49
718;E16;FREEZERS;1000;2018-04-17 04:00:49;2018-04-17 04:00:49
719;E17;FREEZERS;1000;2018-04-17 04:00:49;2018-04-17 04:00:49
720;E18;FREEZERS;1000;2018-04-17 04:00:49;2018-04-17 04:00:49
721;E19;FREEZERS;1000;2018-04-17 04:00:49;2018-04-17 04:00:49
722;E20;FREEZERS;1000;2018-04-17 04:00:49;2018-04-17 04:00:49
723;E21;FREEZERS;1000;2018-04-17 04:00:49;2018-04-17 04:00:49
724;E22;FREEZERS;1000;2018-04-17 04:00:49;2018-04-17 04:00:49
725;E23;FREEZERS;1000;2018-04-17 04:00:49;2018-04-17 04:00:49
726;E24;FREEZERS;1000;2018-04-17 04:00:49;2018-04-17 04:00:49
727;E25;FREEZERS;1000;2018-04-17 04:00:49;2018-04-17 04:00:49
728;E26;FREEZERS;1000;2018-04-17 04:00:49;2018-04-17 04:00:49
729;E27;FREEZERS;1000;2018-04-17 04:00:49;2018-04-17 04:00:49
730;E28;FREEZERS;1000;2018-04-17 04:00:49;2018-04-17 04:00:49
731;F01;FREEZERS;1000;2018-04-17 04:00:49;2018-04-17 04:00:49
732;F02;FREEZERS;1000;2018-04-17 04:00:49;2018-04-17 04:00:49
733;F03;FREEZERS;1000;2018-04-17 04:00:49;2018-04-17 04:00:49
734;F04;FREEZERS;1000;2018-04-17 04:00:49;2018-04-17 04:00:49
735;F05;FREEZERS;1000;2018-04-17 04:00:49;2018-04-17 04:00:49
736;F06;FREEZERS;1000;2018-04-17 04:00:49;2018-04-17 04:00:49
737;F07;FREEZERS;1000;2018-04-17 04:00:49;2018-04-17 04:00:49
738;F08;FREEZERS;1000;2018-04-17 04:00:49;2018-04-17 04:00:49
739;F09;FREEZERS;1000;2018-04-17 04:00:49;2018-04-17 04:00:49
740;F10;FREEZERS;1000;2018-04-17 04:00:49;2018-04-17 04:00:49
741;F11;FREEZERS;1000;2018-04-17 04:00:49;2018-04-17 04:00:49
742;F12;FREEZERS;1000;2018-04-17 04:00:49;2018-04-17 04:00:49
743;F13;FREEZERS;1000;2018-04-17 04:00:49;2018-04-17 04:00:49
744;F14;FREEZERS;1000;2018-04-17 04:00:49;2018-04-17 04:00:49
745;F15;FREEZERS;1000;2018-04-17 04:00:49;2018-04-17 04:00:49
746;F16;FREEZERS;1000;2018-04-17 04:00:49;2018-04-17 04:00:49
747;F17;FREEZERS;1000;2018-04-17 04:00:49;2018-04-17 04:00:49
748;F18;FREEZERS;1000;2018-04-17 04:00:49;2018-04-17 04:00:49
749;F19;FREEZERS;1000;2018-04-17 04:00:49;2018-04-17 04:00:49
750;F20;FREEZERS;1000;2018-04-17 04:00:49;2018-04-17 04:00:49
751;F21;FREEZERS;1000;2018-04-17 04:00:49;2018-04-17 04:00:49
752;F22;FREEZERS;1000;2018-04-17 04:00:49;2018-04-17 04:00:49
753;F23;FREEZERS;1000;2018-04-17 04:00:49;2018-04-17 04:00:49
754;F24;FREEZERS;1000;2018-04-17 04:00:49;2018-04-17 04:00:49
755;F25;FREEZERS;1000;2018-04-17 04:00:49;2018-04-17 04:00:49
756;F26;FREEZERS;1000;2018-04-17 04:00:49;2018-04-17 04:00:49
757;F27;FREEZERS;1000;2018-04-17 04:00:49;2018-04-17 04:00:49
758;F28;FREEZERS;1000;2018-04-17 04:00:49;2018-04-17 04:00:49
